author,papers_with_chris,total_papers,theme
"Wardle, G. M.",57,57,Arid zone ecology
"Greenville, A. C.",52,52,Arid zone ecology
"Crowther, M. S.",47,47,Dasyurids & marsupials
"Newsome, T. M.",46,46,Predators & invasives
"Letnic, M. I.",34,34,Predators & invasives
"Legge, S. M.",33,33,Predators & invasives
"Woinarski, J. C. Z.",32,32,Predators & invasives
"Doherty, T. S.",29,29,Predators & invasives
"Lunney, D.",29,29,Threatened species & conservation
"Ritchie, E. G.",26,26,Predators & invasives
"Glen, A. S.",22,22,Predators & invasives
"Lindenmayer, D. B.",19,19,Threatened species & conservation
"Murphy, B. P.",19,19,Predators & invasives
"Banks, P. B.",18,18,Predators & invasives
"Pavey, C. R.",16,16,Arid zone ecology
"Nimmo, D. G.",14,14,Threatened species & conservation
"Calver, M. C.",13,13,Predators & invasives
"Johnson, C. N.",12,12,Predators & invasives
"Murray, B. R.",12,12,Arid zone ecology
"Spencer, E. E.",12,12,Predators & invasives
"Leung, L. K. P.",11,11,Arid zone ecology
"Palmer, R. A.",11,11,Predators & invasives
"van Eeden, L. M.",11,11,Predators & invasives
"Fisher, D. O.",10,10,Threatened species & conservation
"Gillespie, G. R.",10,10,Threatened species & conservation
"McDonald, P. J.",10,10,Predators & invasives
"Stevens, C. J.",10,10,Vegetation & plant ecology
"Edwards, G. P.",9,9,Predators & invasives
"Fardell, L. L.",9,9,Predators & invasives
"Fleming, P. J. S.",9,9,Predators & invasives
"Frank, A. S. K.",9,9,Arid zone ecology
"McKenzie, N. L.",9,9,Dasyurids & marsupials
"Risch, A. C.",9,9,Vegetation & plant ecology
"Morris, K. D.",8,8,Predators & invasives
"Moseby, K. E.",8,8,Predators & invasives
"Newsome, A. E.",8,8,Predators & invasives
"Peri, P. L.",8,8,Vegetation & plant ecology
"Predavec, M.",8,8,Dasyurids & marsupials
"Read, J. L.",8,8,Predators & invasives
"Tulloch, A. I. T.",8,8,Threatened species & conservation
"Virtanen, R.",8,8,Vegetation & plant ecology
"Woolley, L. A.",8,8,Predators & invasives
"Borer, E. T.",7,7,Vegetation & plant ecology
"Hagenah, N.",7,7,Vegetation & plant ecology
"Hautier, Y.",7,7,Vegetation & plant ecology
"Hohnen, R.",7,7,Predators & invasives
"Keith, D. A.",7,7,Threatened species & conservation
"Knops, J. M. H.",7,7,Vegetation & plant ecology
"Meek, P. D.",7,7,Predators & invasives
"Morgan, J. W.",7,7,Vegetation & plant ecology
"Power, S. A.",7,7,Vegetation & plant ecology
"Ripple, W. J.",7,7,Predators & invasives
"Robinson, N. M.",7,7,Threatened species & conservation
"Seabloom, E. W.",7,7,Vegetation & plant ecology
"Tamayo, B.",7,7,Arid zone ecology
"Vieira, E. M.",7,7,Dasyurids & marsupials
"Bagchi, S.",6,6,Vegetation & plant ecology
"Bakker, J. D.",6,6,Vegetation & plant ecology
"Ballard, G.",6,6,Predators & invasives
"Burns, E. L.",6,6,Threatened species & conservation
"Catford, J. A.",6,6,Vegetation & plant ecology
"Cogger, H. G.",6,6,Predators & invasives
"Dexter, N.",6,6,Predators & invasives
"Donohue, I.",6,6,Vegetation & plant ecology
"Eisenhauer, N.",6,6,Vegetation & plant ecology
"Gentle, M. N.",6,6,Predators & invasives
"Geyle, H. M.",6,6,Predators & invasives
"Hutchings, P.",6,6,Threatened species & conservation
"Jentsch, A.",6,6,Vegetation & plant ecology
"Jones, M. E.",6,6,Predators & invasives
"Law, B. S.",6,6,Threatened species & conservation
"Lazenby, B. T.",6,6,Predators & invasives
"Martina, J. P.",6,6,Vegetation & plant ecology
"Matthews, A.",6,6,Dasyurids & marsupials
"McCulley, R. L.",6,6,Vegetation & plant ecology
"Morton, S. R.",6,6,Dasyurids & marsupials
"Nano, C. E. M.",6,6,Predators & invasives
"Radford, J. Q.",6,6,Threatened species & conservation
"Russell-Smith, J.",6,6,Threatened species & conservation
"Thompson, M. B.",6,6,Arid zone ecology
"Veen, G. F. C.",6,6,Vegetation & plant ecology
"Wirsing, A. J.",6,6,Predators & invasives
"Bradshaw, C. J. A.",5,5,Predators & invasives
"Burbidge, A. A.",5,5,Predators & invasives
"Cairncross, R. J.",5,5,Arid zone ecology
"Denny, E. A.",5,5,Predators & invasives
"Diete, R. L.",5,5,Predators & invasives
"Eskelinen, A.",5,5,Vegetation & plant ecology
"Fay, P. A.",5,5,Vegetation & plant ecology
"Finlayson, G. R.",5,5,Dasyurids & marsupials
"Gordon, C. E.",5,5,Predators & invasives
"Gruner, D. S.",5,5,Vegetation & plant ecology
"Haythornthwaite, A. S.",5,5,Dasyurids & marsupials
"Hume, I. D.",5,5,Dasyurids & marsupials
"Kanowski, J.",5,5,Threatened species & conservation
"Kavanagh, R. P.",5,5,Predators & invasives
"MacDougall, A. S.",5,5,Vegetation & plant ecology
"Mahon, P. S.",5,5,Arid zone ecology
"McAllan, B. M.",5,5,Dasyurids & marsupials
"McGregor, H. W.",5,5,Predators & invasives
"Metcalfe, D. J.",5,5,Threatened species & conservation
"Moore, J. L.",5,5,Vegetation & plant ecology
"Paltridge, R.",5,5,Threatened species & conservation
"Pech, R. P.",5,5,Predators & invasives
"Penman, T. D.",5,5,Predators & invasives
"Skroblin, A.",5,5,Threatened species & conservation
"Smith, N. G.",5,5,Vegetation & plant ecology
"Stokeld, D.",5,5,Predators & invasives
"Tischler, M. K.",5,5,Arid zone ecology
"Tognetti, P. M.",5,5,Vegetation & plant ecology
"Towerton, A. L.",5,5,Predators & invasives
"Watchorn, D. J.",5,5,Threatened species & conservation
"Watson, J. E. M.",5,5,Vegetation & plant ecology
"Wayne, A. F.",5,5,Threatened species & conservation
"Yahdjian, L.",5,5,Vegetation & plant ecology
"Barrio, I. C.",4,4,Vegetation & plant ecology
"Bugalho, M. N.",4,4,Vegetation & plant ecology
"Burgin, S.",4,4,Arid zone ecology
"Cadotte, M. W.",4,4,Vegetation & plant ecology
"Caldeira, M. C.",4,4,Vegetation & plant ecology
"Curtin, A. L.",4,4,Threatened species & conservation
"Dixon, K. M.",4,4,Predators & invasives
"Doncaster, C. P.",4,4,Dasyurids & marsupials
"Gibb, H.",4,4,Arid zone ecology
"Green, P. T.",4,4,Threatened species & conservation
"Happold, D. C. D.",4,4,Dasyurids & marsupials
"Hersch-Green, E.",4,4,Vegetation & plant ecology
"Hobbs, R. J.",4,4,Threatened species & conservation
"Jolly, C. J.",4,4,Threatened species & conservation
"Kanishka, A. M.",4,4,Dasyurids & marsupials
"King, D. H.",4,4,Dasyurids & marsupials
"Laanisto, L.",4,4,Vegetation & plant ecology
"Lavery, T. H.",4,4,Predators & invasives
"Lepczyk, C. A.",4,4,Predators & invasives
"Luck, G. W.",4,4,Predators & invasives
"Masters, P.",4,4,Dasyurids & marsupials
"McArthur, C.",4,4,Dasyurids & marsupials
"Menkhorst, P. W.",4,4,Predators & invasives
"Miritis, V.",4,4,Threatened species & conservation
"Molsher, R.",4,4,Predators & invasives
"Mooney, N. J.",4,4,Predators & invasives
"Nguyen, V.",4,4,Arid zone ecology
"Pressey, R. L.",4,4,Threatened species & conservation
"Prober, S. M.",4,4,Vegetation & plant ecology
"Ren, Z.",4,4,Vegetation & plant ecology
"Saunders, G. R.",4,4,Predators & invasives
"Smith, B. P.",4,4,Predators & invasives
"Southwell, D. M.",4,4,Threatened species & conservation
"Taylor, M. F. J.",4,4,Threatened species & conservation
"Tedder, M. J.",4,4,Vegetation & plant ecology
"Turpin, J. M.",4,4,Predators & invasives
"Vieira, M. V.",4,4,Dasyurids & marsupials
"Wallach, A. D.",4,4,Predators & invasives
"Watts, C. H. S.",4,4,Predators & invasives
"Abensperg-Traun, M.",3,3,Threatened species & conservation
"Alberti, J.",3,3,Vegetation & plant ecology
"Anson, J. R.",3,3,Predators & invasives
"Apfelbach, R.",3,3,Predators & invasives
"Augusteyn, J.",3,3,Predators & invasives
"Ayers, D.",3,3,Threatened species & conservation
"Banks, S.",3,3,Predators & invasives
"Barton, P. S.",3,3,Predators & invasives
"Baseler, M.",3,3,Predators & invasives
"Bennison, K.",3,3,Arid zone ecology
"Blumstein, D. T.",3,3,Predators & invasives
"Bode, M.",3,3,Predators & invasives
"Brudvig, L. A.",3,3,Vegetation & plant ecology
"Buckmaster, T.",3,3,Predators & invasives
"Cairns, K. M.",3,3,Predators & invasives
"Carter, O.",3,3,Threatened species & conservation
"Chen, Q.",3,3,Vegetation & plant ecology
"Chen, X.",3,3,Dasyurids & marsupials
"Collins, S. L.",3,3,Vegetation & plant ecology
"Comer, S.",3,3,Predators & invasives
"Connor, J.",3,3,Threatened species & conservation
"Copley, P. B.",3,3,Predators & invasives
"Daleo, P.",3,3,Vegetation & plant ecology
"Downey, F. J.",3,3,Dasyurids & marsupials
"Driscoll, D. A.",3,3,Threatened species & conservation
"Du, G.",3,3,Vegetation & plant ecology
"DuPre, M. E.",3,3,Vegetation & plant ecology
"Duncan, R. P.",3,3,Arid zone ecology
"Edwards, S. V.",3,3,Arid zone ecology
"Ehmke, G.",3,3,Threatened species & conservation
"Fancourt, B. A.",3,3,Predators & invasives
"Garnett, S. T.",3,3,Threatened species & conservation
"Geary, W. L.",3,3,Predators & invasives
"Grossman, B. F.",3,3,Arid zone ecology
"Gruber, B.",3,3,Arid zone ecology
"Haider, S.",3,3,Vegetation & plant ecology
"Harpole, W. S.",3,3,Vegetation & plant ecology
"Hodgens, P.",3,3,Predators & invasives
"Hoffmann, A. A.",3,3,Threatened species & conservation
"Jackson, S. M.",3,3,Dasyurids & marsupials
"Jessop, T. S.",3,3,Predators & invasives
"Jónsdóttir, I. S.",3,3,Vegetation & plant ecology
"Kelt, D. A.",3,3,Arid zone ecology
"Koleck, J.",3,3,Threatened species & conservation
"Krebs, C. J.",3,3,Arid zone ecology
"Kutt, A. S.",3,3,Arid zone ecology
"Leseberg, N. P.",3,3,Vegetation & plant ecology
"Lintermans, M.",3,3,Threatened species & conservation
"Llewelyn, J.",3,3,Predators & invasives
"Lowe, A. J.",3,3,Threatened species & conservation
"MacGregor, C.",3,3,Dasyurids & marsupials
"Macdonald, D. W.",3,3,Predators & invasives
"Macek, P.",3,3,Vegetation & plant ecology
"Meserve, P. L.",3,3,Arid zone ecology
"Munn, A. J.",3,3,Arid zone ecology
"Niu, Y.",3,3,Vegetation & plant ecology
"Nye, E. R.",3,3,Threatened species & conservation
"Parsons, M. H.",3,3,Predators & invasives
"Pastro, L. A.",3,3,Threatened species & conservation
"Potter, T. I.",3,3,Predators & invasives
"Price, J. N.",3,3,Vegetation & plant ecology
"Riley, J.",3,3,Predators & invasives
"Roscher, C.",3,3,Vegetation & plant ecology
"Sarre, S. D.",3,3,Arid zone ecology
"Scheele, B. C.",3,3,Threatened species & conservation
"Schlesinger, C.",3,3,Predators & invasives
"Shores, C. R.",3,3,Predators & invasives
"Singleton, G. R.",3,3,Predators & invasives
"Smith, H. M.",3,3,Predators & invasives
"Southgate, R.",3,3,Predators & invasives
"Stewart, A.",3,3,Predators & invasives
"Stobo-Wilson, A. M.",3,3,Predators & invasives
"Stodart, E.",3,3,Dasyurids & marsupials
"Stone, Z.",3,3,Threatened species & conservation
"Tennant, P.",3,3,Threatened species & conservation
"Vanak, A. T.",3,3,Predators & invasives
"Ward, S. J.",3,3,Threatened species & conservation
"Webb, J. K.",3,3,Predators & invasives
"Wintle, B. A.",3,3,Threatened species & conservation
"Yip, S. J. S.",3,3,Predators & invasives
"Young, L. I.",3,3,Arid zone ecology
"Adams, J. W.",2,2,Predators & invasives
"Addison, J.",2,2,Arid zone ecology
"Algar, D.",2,2,Predators & invasives
"Allen, B. L.",2,2,Predators & invasives
"Appleby, R. G.",2,2,Predators & invasives
"Arnillas, C. A.",2,2,Vegetation & plant ecology
"Arthur, A. D.",2,2,Predators & invasives
"Ashman, K. R.",2,2,Threatened species & conservation
"Auerbach, N.",2,2,Threatened species & conservation
"Avery-Gomm, S.",2,2,Threatened species & conservation
"Baker, A. B.",2,2,Dasyurids & marsupials
"Baxter, G. S.",2,2,Arid zone ecology
"Baynes, A.",2,2,Threatened species & conservation
"Beh, C.-L.",2,2,Arid zone ecology
"Bentley, J.",2,2,Predators & invasives
"Bergstrom, B. J.",2,2,Other
"Berris, K.",2,2,Predators & invasives
"Bharath, S.",2,2,Vegetation & plant ecology
"Bickerton, D.",2,2,Threatened species & conservation
"Bleicher, S. S.",2,2,Dasyurids & marsupials
"Blumenthal, D. M.",2,2,Vegetation & plant ecology
"Bohórquez Fandiño, D. F.",2,2,Threatened species & conservation
"Bonat, S.",2,2,Predators & invasives
"Boughton, E. H.",2,2,Vegetation & plant ecology
"Bradley, J. S.",2,2,Predators & invasives
"Bragato, P. J.",2,2,Arid zone ecology
"Brandle, R.",2,2,Arid zone ecology
"Brooks, L.",2,2,Threatened species & conservation
"Brown, C. S.",2,2,Vegetation & plant ecology
"Bryant, K. A.",2,2,Predators & invasives
"Bull, C. M.",2,2,Arid zone ecology
"Bytheway, J. P.",2,2,Predators & invasives
"Cameron, E. Z.",2,2,Predators & invasives
"Campbell, K. J.",2,2,Predators & invasives
"Canty, P.",2,2,Threatened species & conservation
"Carbutt, C.",2,2,Vegetation & plant ecology
"Carthey, A. J. R.",2,2,Predators & invasives
"Chapple, D. G.",2,2,Predators & invasives
"Chapron, G.",2,2,Threatened species & conservation
"Chase, J. M.",2,2,Vegetation & plant ecology
"Cope, H. R.",2,2,Threatened species & conservation
"Cowan, M.",2,2,Arid zone ecology
"Cox, M. P. G.",2,2,Predators & invasives
"Crawford, H. M.",2,2,Predators & invasives
"Crisp, H. A.",2,2,Arid zone ecology
"Cáceres, N. C.",2,2,Dasyurids & marsupials
"D'Antonio, C.",2,2,Vegetation & plant ecology
"Daly, B. G.",2,2,Arid zone ecology
"Dawson, S. J.",2,2,Predators & invasives
"Dawson, T. J.",2,2,Arid zone ecology
"Dayer, A. A.",2,2,Predators & invasives
"Dellinger, J. A.",2,2,Predators & invasives
"Dielenberg, J.",2,2,Predators & invasives
"Dinnage, R.",2,2,Predators & invasives
"Doolan, L.",2,2,Predators & invasives
"Duncan, F. D.",2,2,Arid zone ecology
"Ebeling, A.",2,2,Vegetation & plant ecology
"Elgersma, K. J.",2,2,Vegetation & plant ecology
"Epanchin-Niell, R. S.",2,2,Predators & invasives
"Estrada, C.",2,2,Vegetation & plant ecology
"Evans, M. J.",2,2,Dasyurids & marsupials
"Fairman, R.",2,2,Predators & invasives
"Ferreira, M. S.",2,2,Dasyurids & marsupials
"Fillios, M.",2,2,Predators & invasives
"Finnerty, P. B.",2,2,Dasyurids & marsupials
"Firestone, K. B.",2,2,Dasyurids & marsupials
"Fisher, A.",2,2,Threatened species & conservation
"Fletcher, T. P.",2,2,Dasyurids & marsupials
"Ford, H.",2,2,Vegetation & plant ecology
"Forsyth, D. M.",2,2,Predators & invasives
"Foulkes, J.",2,2,Arid zone ecology
"Free, C. L.",2,2,Arid zone ecology
"Friend, G. R.",2,2,Arid zone ecology
"Gates, J. P.",2,2,Dasyurids & marsupials
"Godfree, R.",2,2,Arid zone ecology
"Gordon, G.",2,2,Threatened species & conservation
"Gracia, C.",2,2,Arid zone ecology
"Graff, P.",2,2,Vegetation & plant ecology
"Graham, S.",2,2,Arid zone ecology
"Grantham, H.",2,2,Threatened species & conservation
"Gray, R.",2,2,Threatened species & conservation
"Green, K.",2,2,Dasyurids & marsupials
"Groffen, H.",2,2,Dasyurids & marsupials
"Gutiérrez, J. R.",2,2,Arid zone ecology
"Hallac, D. E.",2,2,Predators & invasives
"Harley, D. K. P.",2,2,Predators & invasives
"Herbert, C. A.",2,2,Threatened species & conservation
"Herbert, M.",2,2,Predators & invasives
"Hice, C.",2,2,Arid zone ecology
"Hill, B.",2,2,Predators & invasives
"Hills, N.",2,2,Predators & invasives
"Hoffman, A.",2,2,Other
"Holden, M. H.",2,2,Threatened species & conservation
"Holmgren, M.",2,2,Arid zone ecology
"Hradsky, B. A.",2,2,Threatened species & conservation
"Iribarne, O.",2,2,Vegetation & plant ecology
"Jaksic, F.",2,2,Arid zone ecology
"Jenkins, D.",2,2,Predators & invasives
"Johnston, M. J.",2,2,Predators & invasives
"Kingsford, R. T.",2,2,Threatened species & conservation
"Kirkman, K. P.",2,2,Vegetation & plant ecology
"Koch, F.",2,2,Predators & invasives
"Komatsu, K. J.",2,2,Vegetation & plant ecology
"Kotler, B. P.",2,2,Arid zone ecology
"Krofel, M.",2,2,Predators & invasives
"Lannes, L. S.",2,2,Vegetation & plant ecology
"Latch, P.",2,2,Predators & invasives
"Laungani, R.",2,2,Vegetation & plant ecology
"Lawes, M. J.",2,2,Threatened species & conservation
"Lekberg, Y.",2,2,Vegetation & plant ecology
"Liddell, M. J.",2,2,Arid zone ecology
"Likens, G. E.",2,2,Arid zone ecology
"Lilith, M.",2,2,Predators & invasives
"Lima, M.",2,2,Arid zone ecology
"Lisle, A.",2,2,Dasyurids & marsupials
"Lumsden, L. F.",2,2,Predators & invasives
"Lynam, A. J.",2,2,Dasyurids & marsupials
"López, B. C.",2,2,Arid zone ecology
"López-Bao, J. V.",2,2,Threatened species & conservation
"Maitz, W. E.",2,2,Predators & invasives
"Manning, A.",2,2,Predators & invasives
"Marsh, H.",2,2,Threatened species & conservation
"Martin, J. M.",2,2,Predators & invasives
"Martinson, H. M.",2,2,Vegetation & plant ecology
"McGregor, I. S.",2,2,Predators & invasives
"McLachlan-Troup, T. A.",2,2,Predators & invasives
"McLean, S.",2,2,Predators & invasives
"McNaught, G. H.",2,2,Dasyurids & marsupials
"Meathrel, C. E.",2,2,Predators & invasives
"Meisuria, N. Y.",2,2,Dasyurids & marsupials
"Melbourne, B.",2,2,Vegetation & plant ecology
"Milstead, W. B.",2,2,Arid zone ecology
"Mitchell, N.",2,2,Predators & invasives
"Monadjem, A.",2,2,Other
"Morrant, D. S.",2,2,Predators & invasives
"Mortensen, B.",2,2,Vegetation & plant ecology
"Myers, C.",2,2,Predators & invasives
"Müller-Schwarze, D.",2,2,Predators & invasives
"Nankivell, A.",2,2,Threatened species & conservation
"Ohlert, T.",2,2,Vegetation & plant ecology
"Old, J.",2,2,Dasyurids & marsupials
"Page, M.",2,2,Predators & invasives
"Parnaby, H. E.",2,2,Dasyurids & marsupials
"Pascual, J.",2,2,Vegetation & plant ecology
"Paton, D.",2,2,Threatened species & conservation
"Polis, G. A.",2,2,Arid zone ecology
"Possingham, H. P.",2,2,Threatened species & conservation
"Prevedello, J. A.",2,2,Dasyurids & marsupials
"Previtali, M. A.",2,2,Arid zone ecology
"Purcell, B. V.",2,2,Predators & invasives
"Radford, I. J.",2,2,Predators & invasives
"Redford, K. H.",2,2,Predators & invasives
"Rendall, A. R.",2,2,Predators & invasives
"Reside, A. E.",2,2,Threatened species & conservation
"Rich, M.",2,2,Predators & invasives
"Richardson, L. A.",2,2,Predators & invasives
"Richter, M.",2,2,Arid zone ecology
"Ringma, J.",2,2,Predators & invasives
"Roberson, L.",2,2,Threatened species & conservation
"Robin, L.",2,2,Arid zone ecology
"Robinson, A. C.",2,2,Threatened species & conservation
"Sabaté, S.",2,2,Arid zone ecology
"Salo, P.",2,2,Predators & invasives
"Saltré, F.",2,2,Predators & invasives
"Sankaran, M.",2,2,Vegetation & plant ecology
"Schwartz, M. W.",2,2,Predators & invasives
"Schütz, M.",2,2,Vegetation & plant ecology
"Silcock, J.",2,2,Dasyurids & marsupials
"Smith, G. T.",2,2,Arid zone ecology
"Smith, M. D.",2,2,Vegetation & plant ecology
"Smyth, A. K.",2,2,Threatened species & conservation
"Sonnier, G.",2,2,Vegetation & plant ecology
"Soulé, M. E.",2,2,Predators & invasives
"Sparrow, E. E.",2,2,Predators & invasives
"Spencer, P. B. S.",2,2,Dasyurids & marsupials
"Spohn, M.",2,2,Vegetation & plant ecology
"Squeo, F. A.",2,2,Arid zone ecology
"Standish, R. J.",2,2,Vegetation & plant ecology
"Stannard, H. J.",2,2,Dasyurids & marsupials
"Stapp, P.",2,2,Arid zone ecology
"Stephens, D.",2,2,Predators & invasives
"Stepkovitch, B.",2,2,Predators & invasives
"Story, G.",2,2,Predators & invasives
"Story, P.",2,2,Predators & invasives
"Stringer, E. J.",2,2,Arid zone ecology
"Sumner, J.",2,2,Dasyurids & marsupials
"Sutherland, E. F.",2,2,Threatened species & conservation
"Taggart, D. A.",2,2,Dasyurids & marsupials
"Tarszisz, E.",2,2,Threatened species & conservation
"Tasker, E. M.",2,2,Dasyurids & marsupials
"Thurgate, N.",2,2,Arid zone ecology
"Tulloch, V.",2,2,Threatened species & conservation
"Turak, E.",2,2,Threatened species & conservation
"Valentine, L.",2,2,Threatened species & conservation
"Vandersteen, J.",2,2,Predators & invasives
"Vardon, M.",2,2,Threatened species & conservation
"Venterink, H. O.",2,2,Vegetation & plant ecology
"Visser, R. L.",2,2,Predators & invasives
"Welbergen, J. A.",2,2,Predators & invasives
"Westman, W.",2,2,Predators & invasives
"Wheeler, G. R.",2,2,Vegetation & plant ecology
"Wilfahrt, P. A.",2,2,Vegetation & plant ecology
"Williams, D.",2,2,Arid zone ecology
"Williams, R. L.",2,2,Predators & invasives
"Wilson, B. A.",2,2,Dasyurids & marsupials
"Withers, P. C.",2,2,Dasyurids & marsupials
"Young, A. L.",2,2,Vegetation & plant ecology
"van Heezik, Y.",2,2,Predators & invasives
"Abom, R.",1,1,Other
"Adam, P.",1,1,Other
"Adamczyk, S. M.",1,1,Arid zone ecology
"Adams, M.",1,1,Dasyurids & marsupials
"Adams, N. A.",1,1,Predators & invasives
"Adler, P. B.",1,1,Vegetation & plant ecology
"Alpers, D.",1,1,Dasyurids & marsupials
"Andersen, A.",1,1,Arid zone ecology
"Andreassen, H. P.",1,1,Dasyurids & marsupials
"Antonio, C.",1,1,Vegetation & plant ecology
"Archer, M.",1,1,Dasyurids & marsupials
"Archer-Lean, C.",1,1,Predators & invasives
"Argot, C.",1,1,Other
"Arkinstall, C.",1,1,Dasyurids & marsupials
"Armati, P. J.",1,1,Dasyurids & marsupials
"Armstrong, D.",1,1,Other
"Aubault, H.",1,1,Vegetation & plant ecology
"Baker, J.",1,1,Predators & invasives
"Bakker, E. S.",1,1,Vegetation & plant ecology
"Ball, D.",1,1,Other
"Barnett, G.",1,1,Threatened species & conservation
"Barton, K.",1,1,Arid zone ecology
"Bassett, S. M.",1,1,Other
"Batsuren, E.",1,1,Arid zone ecology
"Baverstock, P. R.",1,1,Dasyurids & marsupials
"Bayraktarov, E.",1,1,Threatened species & conservation
"Beatty, S. J.",1,1,Threatened species & conservation
"Bedoya-Pérez, M. A.",1,1,Arid zone ecology
"Behrendorff, L.",1,1,Predators & invasives
"Bell, P.",1,1,Predators & invasives
"Belliure, J.",1,1,Other
"Benshemesch, J.",1,1,Threatened species & conservation
"Benshemesh, J.",1,1,Predators & invasives
"Bergallo, H. G.",1,1,Other
"Biederman, L.",1,1,Vegetation & plant ecology
"Bino, G.",1,1,Threatened species & conservation
"Bird, D. M.",1,1,Other
"Blackwell, G. L.",1,1,Other
"Bladon, R. V.",1,1,Dasyurids & marsupials
"Blake, M. E.",1,1,Predators & invasives
"Blanchard, W.",1,1,Predators & invasives
"Blomberg, S. P.",1,1,Other
"Blowes, S. A.",1,1,Vegetation & plant ecology
"Boardman, W. S. J.",1,1,Other
"Boer, E. S.",1,1,Threatened species & conservation
"Boitani, L.",1,1,Other
"Bon, J.",1,1,Dasyurids & marsupials
"Bonnaud, E.",1,1,Predators & invasives
"Boonstra, R.",1,1,Predators & invasives
"Bossard, K.",1,1,Arid zone ecology
"Bourke, M.",1,1,Threatened species & conservation
"Bowd, E.",1,1,Threatened species & conservation
"Bower, D. S.",1,1,Threatened species & conservation
"Bowman, D.",1,1,Arid zone ecology
"Bradley, K.",1,1,Dasyurids & marsupials
"Bradshaw, S. D.",1,1,Dasyurids & marsupials
"Braithwaite, R. W.",1,1,Dasyurids & marsupials
"Breed, W. G.",1,1,Dasyurids & marsupials
"Brennan, K. E. C.",1,1,Threatened species & conservation
"Brereton, R. N.",1,1,Threatened species & conservation
"Brien, C. M.",1,1,Threatened species & conservation
"Brim-Box, J.",1,1,Predators & invasives
"Briscoe, N. J.",1,1,Threatened species & conservation
"Brooks, S. J.",1,1,Predators & invasives
"Broome, L.",1,1,Predators & invasives
"Broughton, S. K.",1,1,Dasyurids & marsupials
"Brown, A. H. D.",1,1,Vegetation & plant ecology
"Brown, J. S.",1,1,Arid zone ecology
"Brown, O.",1,1,Dasyurids & marsupials
"Bruschetti, M.",1,1,Vegetation & plant ecology
"Bruskotter, J.",1,1,Threatened species & conservation
"Bubela, T. M.",1,1,Predators & invasives
"Buckley, Y. M.",1,1,Vegetation & plant ecology
"Buckmaster, A. J.",1,1,Dasyurids & marsupials
"Burgman, M.",1,1,Threatened species & conservation
"Burns, P.",1,1,Arid zone ecology
"Butler, J. R. A.",1,1,Other
"Butt, N.",1,1,Threatened species & conservation
"Byrom, A. E.",1,1,Other
"Calvani, N. E. D.",1,1,Predators & invasives
"Campana, S.",1,1,Vegetation & plant ecology
"Cantlay, A. J.",1,1,Vegetation & plant ecology
"Cardillo, M.",1,1,Threatened species & conservation
"Cardoso, M. J.",1,1,Dasyurids & marsupials
"Carnes, K.",1,1,Other
"Carron, P. L.",1,1,Dasyurids & marsupials
"Cassano, C. R.",1,1,Other
"Castañeda, I.",1,1,Predators & invasives
"Ceballos, M. C.",1,1,Other
"Cejtin, M. R.",1,1,Threatened species & conservation
"Cerqueira, R.",1,1,Dasyurids & marsupials
"Chambers, L. K.",1,1,Dasyurids & marsupials
"Chaneton, E. J.",1,1,Vegetation & plant ecology
"Cherkassky, D.",1,1,Other
"Cherkassky, L.",1,1,Other
"Cherry, M. J.",1,1,Predators & invasives
"Christy, M. T.",1,1,Other
"Ciucci, P.",1,1,Other
"Clark, A. T.",1,1,Vegetation & plant ecology
"Cleary, G. P.",1,1,Other
"Cleland, E. E.",1,1,Vegetation & plant ecology
"Clemann, N.",1,1,Threatened species & conservation
"Clissold, F.",1,1,Other
"Cockburn, A.",1,1,Predators & invasives
"Coleman, L.",1,1,Vegetation & plant ecology
"Collier, N.",1,1,Predators & invasives
"Connell, G. W.",1,1,Other
"Conner, L. M.",1,1,Predators & invasives
"Conroy, G.",1,1,Predators & invasives
"Corcoran, E.",1,1,Dasyurids & marsupials
"Corey, B.",1,1,Predators & invasives
"Courchamp, F.",1,1,Predators & invasives
"Cox, W. G.",1,1,Predators & invasives
"Craig, M. D.",1,1,Threatened species & conservation
"Cripps, J. K.",1,1,Threatened species & conservation
"Cristescu, R.",1,1,Threatened species & conservation
"Croft, D. B.",1,1,Arid zone ecology
"Cronin, G. M.",1,1,Predators & invasives
"Crowther, T. W.",1,1,Vegetation & plant ecology
"Cullen, D.",1,1,Arid zone ecology
"Céré, J.",1,1,Arid zone ecology
"Daly, S. E. J.",1,1,Other
"Danks, M. A.",1,1,Other
"Davies, K.",1,1,Vegetation & plant ecology
"Davies, N.",1,1,Other
"Davies, V. T.",1,1,Arid zone ecology
"Davis, A. A.",1,1,Predators & invasives
"Davis, N. E.",1,1,Predators & invasives
"Davis, R. A.",1,1,Predators & invasives
"De La Mare, O.",1,1,Predators & invasives
"DeCrappeo, N. M.",1,1,Vegetation & plant ecology
"Deane, A. T.",1,1,Predators & invasives
"Decker, O.",1,1,Arid zone ecology
"Delany, M. J.",1,1,Predators & invasives
"Dickson, T. L.",1,1,Vegetation & plant ecology
"Doherty, M.",1,1,Threatened species & conservation
"Doherty, S.",1,1,Predators & invasives
"Donfrancesco, V.",1,1,Predators & invasives
"Dorfman, E. J.",1,1,Other
"Dormontt, E.",1,1,Other
"Dornelas, M.",1,1,Threatened species & conservation
"Doughty, P.",1,1,Threatened species & conservation
"Dowsett, N.",1,1,Vegetation & plant ecology
"Driessen, J.",1,1,Threatened species & conservation
"Driessen, M. M.",1,1,Predators & invasives
"Drury, R. L.",1,1,Other
"Duffy, D. C.",1,1,Other
"Duncan, S. E.",1,1,Other
"Dundas, S.",1,1,Other
"Dunlop, J.",1,1,Arid zone ecology
"Dyck, S. M.",1,1,Arid zone ecology
"Dziminski, M.",1,1,Dasyurids & marsupials
"Déaux, E. C.",1,1,Predators & invasives
"Díaz-Martínez, P.",1,1,Vegetation & plant ecology
"Eager, C.",1,1,Predators & invasives
"Eberhart, A.",1,1,Other
"Ebner, B. C.",1,1,Threatened species & conservation
"Einoder, L.",1,1,Threatened species & conservation
"Eklund, A.",1,1,Threatened species & conservation
"Eldridge, M. D. B.",1,1,Other
"Ellis, B.",1,1,Other
"Ellis, R.",1,1,Threatened species & conservation
"Emery, N. J.",1,1,Vegetation & plant ecology
"Endres, T.",1,1,Other
"English, A. W.",1,1,Predators & invasives
"Ens, E.",1,1,Other
"Etten, E. J. B.",1,1,Predators & invasives
"Everitt, C.",1,1,Other
"Eyre, T.",1,1,Predators & invasives
"Fantle-Lepczyk, J.",1,1,Predators & invasives
"Fay, A. R.",1,1,Predators & invasives
"Feldman, C. R.",1,1,Other
"Feller, M. C.",1,1,Threatened species & conservation
"Fendt, M.",1,1,Other
"Feng, Y.",1,1,Vegetation & plant ecology
"Fenner, A.",1,1,Threatened species & conservation
"Ferguson, D.",1,1,Predators & invasives
"Ferreira, G. A.",1,1,Other
"Ferrier, S.",1,1,Threatened species & conservation
"Ferris, J.",1,1,Predators & invasives
"Field, J.",1,1,Dasyurids & marsupials
"Figueiredo, M. S. L.",1,1,Dasyurids & marsupials
"Finlayson, S. T.",1,1,Dasyurids & marsupials
"FitzGibbon, S.",1,1,Other
"Fitzgerald, L. A.",1,1,Other
"Fitzsimons, J.",1,1,Threatened species & conservation
"Fleming, M. R.",1,1,Predators & invasives
"Fletcher, D.",1,1,Other
"Florence, B.",1,1,Predators & invasives
"Ford, S.",1,1,Threatened species & conservation
"Francis, E.",1,1,Predators & invasives
"Frank, J.",1,1,Threatened species & conservation
"Frater, P.",1,1,Vegetation & plant ecology
"Freudenberger, D.",1,1,Threatened species & conservation
"Fujita, T.",1,1,Predators & invasives
"Fust, C.",1,1,Dasyurids & marsupials
"Gaffney, R.",1,1,Predators & invasives
"Gaikhorst, G.",1,1,Threatened species & conservation
"Garbowski, M.",1,1,Vegetation & plant ecology
"Garkaklis, M. J.",1,1,Predators & invasives
"Gaughwin, M.",1,1,Dasyurids & marsupials
"Gherardi, L. A.",1,1,Vegetation & plant ecology
"Gibbons, P.",1,1,Threatened species & conservation
"Gibson, D. F.",1,1,Arid zone ecology
"Gibson, L. A.",1,1,Threatened species & conservation
"Giné, G. A. F.",1,1,Other
"Glasby, T. M.",1,1,Other
"Gleen, W.",1,1,Arid zone ecology
"González, T. M.",1,1,Predators & invasives
"Gordon, I. J.",1,1,Dasyurids & marsupials
"Graham, G.",1,1,Other
"Grant, T. R.",1,1,Predators & invasives
"Grayson, J.",1,1,Other
"Greatwich, B.",1,1,Dasyurids & marsupials
"Greenlees, M. J.",1,1,Threatened species & conservation
"Greenwood, L.",1,1,Predators & invasives
"Griffiths, A. D.",1,1,Threatened species & conservation
"Grosholz, E. D.",1,1,Predators & invasives
"Grosholz, T.",1,1,Predators & invasives
"Groves, C.",1,1,Threatened species & conservation
"Grégory, S.",1,1,Vegetation & plant ecology
"Haering, R.",1,1,Threatened species & conservation
"Hall, C. M.",1,1,Predators & invasives
"Halloran, L. R.",1,1,Vegetation & plant ecology
"Handasyde, K.",1,1,Predators & invasives
"Hanigan, I.",1,1,Arid zone ecology
"Hanke, P. U.",1,1,Arid zone ecology
"Harris, S.",1,1,Predators & invasives
"Harrison, N. D.",1,1,Dasyurids & marsupials
"Hart, R. K.",1,1,Other
"Hayssen, V.",1,1,Dasyurids & marsupials
"Healy, A.",1,1,Arid zone ecology
"Heckman, R. W.",1,1,Vegetation & plant ecology
"Hector, A.",1,1,Vegetation & plant ecology
"Heinz, D. E.",1,1,Other
"Heinze, D.",1,1,Threatened species & conservation
"Helm, A.",1,1,Vegetation & plant ecology
"Henry-Hall, N. J.",1,1,Predators & invasives
"Henschel, J. R.",1,1,Arid zone ecology
"Herman, K.",1,1,Threatened species & conservation
"Higgs, P. A.",1,1,Other
"Hik, D.",1,1,Threatened species & conservation
"Hill, P.",1,1,Threatened species & conservation
"Hillebrand, H.",1,1,Vegetation & plant ecology
"Hoadley, D.",1,1,Predators & invasives
"Hobson, R.",1,1,Threatened species & conservation
"Hochuli, D. F.",1,1,Threatened species & conservation
"Hodgens, N.",1,1,Threatened species & conservation
"Hofmockel, K. S.",1,1,Vegetation & plant ecology
"Hollanders, M.",1,1,Predators & invasives
"Holleley, C. E.",1,1,Dasyurids & marsupials
"Holz, P.",1,1,Dasyurids & marsupials
"Hone, J.",1,1,Predators & invasives
"Honywood, M. A. J.",1,1,Other
"Horsup, A.",1,1,Dasyurids & marsupials
"Horwitz, P.",1,1,Threatened species & conservation
"Hoskin, C. J.",1,1,Threatened species & conservation
"Hou, X.",1,1,Arid zone ecology
"How, R.",1,1,Threatened species & conservation
"Howden, C.",1,1,Predators & invasives
"Howell, M. J.",1,1,Dasyurids & marsupials
"Huang, C.",1,1,Other
"Huang, S.",1,1,Arid zone ecology
"Hughes, C.",1,1,Predators & invasives
"Hulst, F.",1,1,Arid zone ecology
"Hume, S.",1,1,Predators & invasives
"Hunter, D.",1,1,Other
"Hunter, J. T.",1,1,Threatened species & conservation
"Hurwood, D. A.",1,1,Dasyurids & marsupials
"Hutchinson, M. N.",1,1,Threatened species & conservation
"Huxman, T. E.",1,1,Vegetation & plant ecology
"Indigo, N.",1,1,Dasyurids & marsupials
"Irvine, C.",1,1,Other
"Jackett, N.",1,1,Dasyurids & marsupials
"James, A. I.",1,1,Predators & invasives
"Jamieson, L. T.",1,1,Threatened species & conservation
"Jennings, P.",1,1,Predators & invasives
"Jessup, D.",1,1,Other
"Jestrimski, Z.",1,1,Arid zone ecology
"Jin, V. L.",1,1,Vegetation & plant ecology
"Johnson, B.",1,1,Other
"Johnston, E. L.",1,1,Threatened species & conservation
"Kahn, B. M.",1,1,Threatened species & conservation
"Kajin, M.",1,1,Other
"Kark, S.",1,1,Threatened species & conservation
"Kay, A.",1,1,Vegetation & plant ecology
"Kearney, M. R.",1,1,Threatened species & conservation
"Kearns, A.",1,1,Threatened species & conservation
"Keating, J.",1,1,Threatened species & conservation
"Keehn, J. E.",1,1,Other
"Kelly, D.",1,1,Other
"Kennedy, M. S.",1,1,Predators & invasives
"Kern, P. L.",1,1,Dasyurids & marsupials
"Kimpton, K.",1,1,Other
"Kiyokawa, Y.",1,1,Other
"Klein, J. A.",1,1,Vegetation & plant ecology
"Kobayashi, S.",1,1,Predators & invasives
"Koerner, S. E.",1,1,Vegetation & plant ecology
"Koungoulos, L.",1,1,Predators & invasives
"Kovacs, E. K.",1,1,Predators & invasives
"Kreutzmann, J. C.",1,1,Other
"Krige, Z.",1,1,Arid zone ecology
"Kwok, A. B. C.",1,1,Arid zone ecology
"La Marca, W.",1,1,Arid zone ecology
"Lacey, C.",1,1,Arid zone ecology
"Ladouceur, E.",1,1,Vegetation & plant ecology
"Ladwig, L. W.",1,1,Vegetation & plant ecology
"Lahoz-Monfort, J. J.",1,1,Threatened species & conservation
"Lambrinos, J. G.",1,1,Vegetation & plant ecology
"Lamont, A.",1,1,Other
"Lane, C.",1,1,Predators & invasives
"Lapidge, S. J.",1,1,Predators & invasives
"Laurance, W. F.",1,1,Threatened species & conservation
"Lawrence, J.",1,1,Predators & invasives
"Le Pendu, Y.",1,1,Other
"Leakey, A. D. B.",1,1,Vegetation & plant ecology
"Leavitt, D. J.",1,1,Other
"Lee, M. S. Y.",1,1,Predators & invasives
"Leiner, N. O.",1,1,Dasyurids & marsupials
"Leiper, I.",1,1,Predators & invasives
"Leone, J.",1,1,Predators & invasives
"Leslie, E. F.",1,1,Predators & invasives
"Lessa, I. C. M.",1,1,Other
"Li, G.",1,1,Arid zone ecology
"Li, Q.",1,1,Vegetation & plant ecology
"Li, W.",1,1,Vegetation & plant ecology
"Lim, L.",1,1,Threatened species & conservation
"Liu, J.",1,1,Arid zone ecology
"Lkhagva, A.",1,1,Vegetation & plant ecology
"Lloyd, H.",1,1,Predators & invasives
"Lloyd, R.",1,1,Threatened species & conservation
"Lohr, C. A.",1,1,Predators & invasives
"Longcore, T.",1,1,Other
"Loss, S. R.",1,1,Other
"Loyd, K. A. T.",1,1,Other
"Macdonald, K. J.",1,1,Predators & invasives
"Machado, D.",1,1,Other
"Mackey, B. G.",1,1,Predators & invasives
"Maguire, G.",1,1,Other
"Mahony, M.",1,1,Threatened species & conservation
"Major, R. E.",1,1,Predators & invasives
"Mannheimer, C.",1,1,Other
"Mansergh, I.",1,1,Threatened species & conservation
"Marino, C.",1,1,Predators & invasives
"Marra, P. A.",1,1,Other
"Marsh, C. J.",1,1,Other
"Marsh, J. R.",1,1,Threatened species & conservation
"Martin, M.",1,1,Arid zone ecology
"Martin, P.",1,1,Predators & invasives
"Marzluff, J. M.",1,1,Other
"Mason, R. T.",1,1,Predators & invasives
"Maxwell, M.",1,1,Predators & invasives
"McBride, E. A.",1,1,Predators & invasives
"McCarthy, M. A.",1,1,Threatened species & conservation
"McCreless, E. E.",1,1,Threatened species & conservation
"McDonald, T.",1,1,Threatened species & conservation
"McKechnie, C. A.",1,1,Other
"McLean, R.",1,1,Threatened species & conservation
"McLeod, S. R.",1,1,Arid zone ecology
"McMahon, C.",1,1,Other
"McManus, J.",1,1,Threatened species & conservation
"Melville, J.",1,1,Threatened species & conservation
"Metcalf, D.",1,1,Other
"Meyer, T. K.",1,1,Threatened species & conservation
"Michael, D. R.",1,1,Threatened species & conservation
"Middleton, A. D.",1,1,Threatened species & conservation
"Milewski, A. V.",1,1,Other
"Miller, J. R. B.",1,1,Threatened species & conservation
"Mitchell, C. E.",1,1,Vegetation & plant ecology
"Mitchell, D. S.",1,1,Arid zone ecology
"Mitchell, K. J.",1,1,Predators & invasives
"Mitchell, R.",1,1,Vegetation & plant ecology
"Moffatt, K. A.",1,1,Dasyurids & marsupials
"Molina, C.",1,1,Vegetation & plant ecology
"Molyneux, J.",1,1,Arid zone ecology
"Montambault, J.",1,1,Threatened species & conservation
"Moore, D.",1,1,Dasyurids & marsupials
"Moore, H.",1,1,Dasyurids & marsupials
"Moore, L. A.",1,1,Arid zone ecology
"Morgain, R.",1,1,Threatened species & conservation
"Morgan, D. L.",1,1,Threatened species & conservation
"Moritz, C.",1,1,Threatened species & conservation
"Mudge, C.",1,1,Other
"Mulvaney, J.",1,1,Predators & invasives
"Muraina, T. O.",1,1,Vegetation & plant ecology
"Murphy, D.",1,1,Dasyurids & marsupials
"Müller, W.",1,1,Predators & invasives
"Nankivill, A.",1,1,Other
"Narayan, E. J.",1,1,Arid zone ecology
"Navnith, M.",1,1,Dasyurids & marsupials
"Neaves, L. E.",1,1,Other
"Nelson, J. L.",1,1,Threatened species & conservation
"Nesbitt, B.",1,1,Predators & invasives
"Nicholls, M.",1,1,Threatened species & conservation
"Nichols, J. D.",1,1,Other
"Nicol, S. C.",1,1,Predators & invasives
"Nolan, K.",1,1,Other
"Noss, R. F.",1,1,Other
"Nou, T.",1,1,Other
"O'Halloran, L. R.",1,1,Vegetation & plant ecology
"Oldroyd, B. P.",1,1,Dasyurids & marsupials
"Oliver, D.",1,1,Threatened species & conservation
"Oliver, P. M.",1,1,Threatened species & conservation
"Osborne, B. B.",1,1,Vegetation & plant ecology
"Osborne, W. S.",1,1,Dasyurids & marsupials
"Ottewell, K.",1,1,Arid zone ecology
"Ovadia, O.",1,1,Other
"Ozgul, A.",1,1,Arid zone ecology
"Pacioni, C.",1,1,Predators & invasives
"Pallett, J.",1,1,Other
"Palmer, C.",1,1,Other
"Pannell, D.",1,1,Threatened species & conservation
"Parker, G.",1,1,Dasyurids & marsupials
"Parker, R.",1,1,Dasyurids & marsupials
"Parr, W. C. H.",1,1,Predators & invasives
"Parrott, M. L.",1,1,Dasyurids & marsupials
"Partridge, T.",1,1,Other
"Pascoe, C.",1,1,Predators & invasives
"Pascoe, J.",1,1,Predators & invasives
"Pausas, J. G.",1,1,Other
"Pedersen, S.",1,1,Dasyurids & marsupials
"Pedler, R.",1,1,Predators & invasives
"Pemberton, D.",1,1,Predators & invasives
"Pennay, M.",1,1,Predators & invasives
"Peterson, G.",1,1,Threatened species & conservation
"Peterson, R. O.",1,1,Other
"Philippe-Lesaffre, M.",1,1,Predators & invasives
"Phillip, J.",1,1,Predators & invasives
"Phinn, S. R.",1,1,Arid zone ecology
"Pierre, K. J.",1,1,Vegetation & plant ecology
"Piggott, M. P.",1,1,Predators & invasives
"Pimm, S. L.",1,1,Threatened species & conservation
"Pizzuto, T. A.",1,1,Arid zone ecology
"Pollock, K. H.",1,1,Predators & invasives
"Porter, J.",1,1,Arid zone ecology
"Prezoto, F.",1,1,Other
"Pyke, D. A.",1,1,Vegetation & plant ecology
"Ramsey, D.",1,1,Predators & invasives
"Raynaud, X.",1,1,Vegetation & plant ecology
"Raña, A. F.",1,1,Dasyurids & marsupials
"Read, D. G.",1,1,Dasyurids & marsupials
"Recher, H. F.",1,1,Threatened species & conservation
"Rees, M. W.",1,1,Predators & invasives
"Richer, R. A.",1,1,Other
"Rivory, P.",1,1,Predators & invasives
"Roberts, M.",1,1,Other
"Robertson, P.",1,1,Threatened species & conservation
"Robinson, C. J.",1,1,Predators & invasives
"Robinson, D.",1,1,Threatened species & conservation
"Robinson, S.",1,1,Predators & invasives
"Robson, T.",1,1,Vegetation & plant ecology
"Rocca, C.",1,1,Vegetation & plant ecology
"Rodgerson, L.",1,1,Threatened species & conservation
"Roelofs, K.",1,1,Other
"Romanow, K. A.",1,1,Predators & invasives
"Roshier, D.",1,1,Threatened species & conservation
"Rowland, J.",1,1,Predators & invasives
"Russell, E. M.",1,1,Dasyurids & marsupials
"Rutter, N.",1,1,Threatened species & conservation
"Ruykys, L.",1,1,Other
"Salguero-Gómez, R.",1,1,Vegetation & plant ecology
"Sanders, E.",1,1,Arid zone ecology
"Sanderson, C.",1,1,Threatened species & conservation
"Sant'Anna, A. C.",1,1,Other
"Santos, C. L. A.",1,1,Other
"Santos, X.",1,1,Other
"Saran, K. A.",1,1,Dasyurids & marsupials
"Sarre, A.",1,1,Threatened species & conservation
"Savolainen, P.",1,1,Predators & invasives
"Schmitz, O. J.",1,1,Threatened species & conservation
"Schneider, M.",1,1,Other
"Schoenefuss, P.",1,1,Dasyurids & marsupials
"Schubert, A. T.",1,1,Predators & invasives
"Schuchardt, M. A.",1,1,Vegetation & plant ecology
"Scott, L. K.",1,1,Dasyurids & marsupials
"Scott, M. P.",1,1,Predators & invasives
"Shabani, F.",1,1,Predators & invasives
"Sharp, A.",1,1,Predators & invasives
"Sher, A. A.",1,1,Threatened species & conservation
"Shimmin, G. A.",1,1,Dasyurids & marsupials
"Short, J.",1,1,Predators & invasives
"Silva, W. R.",1,1,Dasyurids & marsupials
"Silva-Rodriguez, E. A.",1,1,Other
"Simberloff, D.",1,1,Other
"Simonson, A.",1,1,Vegetation & plant ecology
"Sims, C.",1,1,Arid zone ecology
"Sinclair, A. R. E.",1,1,Threatened species & conservation
"Sitters, J.",1,1,Vegetation & plant ecology
"Sizemore, G. C.",1,1,Other
"Skarpe, C.",1,1,Dasyurids & marsupials
"Smallbone, L.",1,1,Threatened species & conservation
"Smith, A. L.",1,1,Other
"Smyth, R.",1,1,Predators & invasives
"Soderquist, T. R.",1,1,Dasyurids & marsupials
"Soennichsen, K.",1,1,Threatened species & conservation
"Somaweera, R.",1,1,Threatened species & conservation
"Song, Y.",1,1,Arid zone ecology
"Souza, J. B.",1,1,Arid zone ecology
"Sparrow, B.",1,1,Other
"Speed, J.",1,1,Predators & invasives
"Srepkovitch, B.",1,1,Predators & invasives
"Sriram, A.",1,1,Threatened species & conservation
"Start, A. N.",1,1,Other
"Stawski, C.",1,1,Predators & invasives
"Steeves, T. E.",1,1,Other
"Stoddart, D. M.",1,1,Arid zone ecology
"Stojanovic, D.",1,1,Other
"Stoner, K. J.",1,1,Threatened species & conservation
"Stott, J.",1,1,Other
"Stoyanov, S.",1,1,Predators & invasives
"Strona, G.",1,1,Predators & invasives
"Stuart, J.",1,1,Predators & invasives
"Styles, I. M.",1,1,Predators & invasives
"Sulger, J.",1,1,Other
"Sullivan, L.",1,1,Vegetation & plant ecology
"Sutherland, D. R.",1,1,Predators & invasives
"Taggart, P. L.",1,1,Other
"Tait, L.",1,1,Dasyurids & marsupials
"Tamme, R.",1,1,Vegetation & plant ecology
"Tatler, J.",1,1,Predators & invasives
"Teale, R.",1,1,Threatened species & conservation
"Teixeira, D.",1,1,Threatened species & conservation
"Temple, S. A.",1,1,Other
"Thomas, D.",1,1,Threatened species & conservation
"Thompson, E.",1,1,Predators & invasives
"Thompson, G. G.",1,1,Other
"Thompson, J. A.",1,1,Predators & invasives
"Thompson, S. A.",1,1,Other
"Thomson, A.",1,1,Other
"Tourani, M.",1,1,Threatened species & conservation
"Trembath, D.",1,1,Predators & invasives
"Treves, A.",1,1,Threatened species & conservation
"Triggs, B.",1,1,Predators & invasives
"Troy, S.",1,1,Other
"Tuft, K.",1,1,Threatened species & conservation
"Umbrello, L.",1,1,Arid zone ecology
"Van Bommel, L.",1,1,Other
"Vanderduys, E.",1,1,Threatened species & conservation
"Varcoe, T.",1,1,Threatened species & conservation
"Veen, C. G. F.",1,1,Vegetation & plant ecology
"Vega, A. G.",1,1,Arid zone ecology
"Venosta, M.",1,1,Predators & invasives
"Venz, M.",1,1,Threatened species & conservation
"Verhoeven, E. M.",1,1,Arid zone ecology
"Vickery, W. L.",1,1,Arid zone ecology
"Vine, S. J.",1,1,Predators & invasives
"Walker, F.",1,1,Dasyurids & marsupials
"Walker, M.",1,1,Predators & invasives
"Walkup, D. K.",1,1,Other
"Wan, X.",1,1,Arid zone ecology
"Wang, F.",1,1,Predators & invasives
"Wang, G.",1,1,Arid zone ecology
"Wang, S.",1,1,Vegetation & plant ecology
"Waples, K.",1,1,Predators & invasives
"Wapstra, E.",1,1,Threatened species & conservation
"Ward, M.",1,1,Threatened species & conservation
"Wardell-Johnson, G.",1,1,Threatened species & conservation
"Waring, E.",1,1,Vegetation & plant ecology
"Wasserberg, G.",1,1,Other
"Watchorn, M.",1,1,Arid zone ecology
"Watson, D. M.",1,1,Threatened species & conservation
"Watson, K.",1,1,Predators & invasives
"Watson, L.",1,1,Predators & invasives
"Waudby, H. P.",1,1,Threatened species & conservation
"Webber, B. L.",1,1,Predators & invasives
"Webeck, K.",1,1,Dasyurids & marsupials
"Wei, W.",1,1,Arid zone ecology
"Weisbecker, V.",1,1,Other
"Weiss, S. L.",1,1,Other
"Wells, R.",1,1,Dasyurids & marsupials
"Wenger, A.",1,1,Predators & invasives
"West, M.",1,1,Threatened species & conservation
"West, R.",1,1,Predators & invasives
"Westaway, D. M.",1,1,Other
"Weston, M. A.",1,1,Other
"Wheeler, R.",1,1,Dasyurids & marsupials
"Whelan, R. J.",1,1,Threatened species & conservation
"Whish, G. L.",1,1,Threatened species & conservation
"White, A.",1,1,Other
"White, J.",1,1,Predators & invasives
"Whittington, A.",1,1,Arid zone ecology
"Wiggins, N.",1,1,Other
"Williams, A. J.",1,1,Arid zone ecology
"Williams, M. R.",1,1,Threatened species & conservation
"Wilson, S.",1,1,Threatened species & conservation
"Wilson, T.",1,1,Predators & invasives
"Wimpenny, C.",1,1,Other
"Winter, J.",1,1,Dasyurids & marsupials
"Wolf, A. A.",1,1,Vegetation & plant ecology
"Wolkovich, E. M.",1,1,Vegetation & plant ecology
"Wong, B.",1,1,Predators & invasives
"Wood, S.",1,1,Other
"Woodford, L.",1,1,Predators & invasives
"Woodside, D. P.",1,1,Dasyurids & marsupials
"Woolley, C. K.",1,1,Other
"Wotjak, C. T.",1,1,Other
"Wragg, P. D.",1,1,Vegetation & plant ecology
"Wright, J.",1,1,Vegetation & plant ecology
"Wright, M.",1,1,Predators & invasives
"Wroe, S.",1,1,Other
"Wysong, M.",1,1,Predators & invasives
"Xu, X.",1,1,Arid zone ecology
"Yakovlevich, P.",1,1,Other
"Yang, L.",1,1,Vegetation & plant ecology
"Yin, B.",1,1,Arid zone ecology
"Young, H. S.",1,1,Vegetation & plant ecology
"Zerger, A.",1,1,Threatened species & conservation
"Zewe, F.",1,1,Predators & invasives
"Zhang, X.",1,1,Arid zone ecology
"Zhang, Z.",1,1,Arid zone ecology
"Zhao, J.",1,1,Arid zone ecology
"de Preu, N.",1,1,Arid zone ecology
"van de Ven, R.",1,1,Predators & invasives
"von Takach, B.",1,1,Arid zone ecology
